 ,x,1 (25ul250mWBaseline_3.tif),2 (25ul500mWBaseline_3.tif),3 (25ul750mWBaseline_3.tif),4 (25ul1000mWBaseline_3.tif),5 (50ul250mWBaseline_3.tif),6 (50ul500mWBaseline_3.tif),7 (50ul750mWBaseline_3.tif),8 (50ul1000mWBaseline_3.tif),9 (75ul250mWBaseline_3.tif),10 (75ul500mWBaseline_3.tif),11 (75ul750mWBaseline_3.tif),12 (75ul1000mWBaseline_3.tif)
1,0,21984.610,22219.859,21816.640,21989.927,22105.334,22016.603,22122.325,22084.002,22147.941,22608.166,22406.567,22408.338
2,1,21613.540,21882.896,21436.579,21669.110,21694.238,21565.498,21706.810,21701.506,21773.201,22246.103,22001.210,22005.904
3,2,21140.994,21456.308,20997.640,21271.612,21232.723,21094.017,21275.062,21254.323,21336.885,21844.569,21579.243,21562.874
4,3,20734.237,21016.772,20584.420,20880.972,20773.643,20654.286,20800.991,20810.183,20911.744,21404.972,21137.439,21117.498
5,4,20241.452,20547.478,20087.735,20462.417,20264.461,20110.649,20293.690,20308.162,20466.616,20969.129,20633.368,20631.652
6,5,19714.905,20082.194,19582.842,19973.003,19705.967,19598.603,19763.923,19765.718,19930.989,20460.564,20099.337,20065.136
7,6,19183.255,19468.788,19117.343,19366.231,19169.721,19135.839,19215.372,19259.204,19340.487,19853.968,19455.234,19484.602
8,7,19159.428,19223.239,19117.601,19184.260,19175.865,19292.850,19191.000,19181.006,19148.077,19476.685,19245.306,19303.928
9,8,19654.007,19262.485,19614.546,19265.474,19661.056,20140.195,19627.335,19600.075,19321.079,19225.965,19364.834,19447.864
10,9,21240.822,19907.650,21298.873,20065.877,21306.502,22449.119,21209.171,21087.283,20319.187,19471.257,20262.227,20424.013
11,10,24457.560,21918.779,24579.748,22346.073,24549.009,26043.159,24379.780,24190.884,22868.745,20630.246,22669.163,22978.248
12,11,28237.506,25435.969,28351.203,25965.141,28343.856,29742.578,28160.127,27963.653,26602.649,23440.402,26346.107,26699.517
13,12,31797.392,29135.756,31854.367,29589.024,31932.812,33202.453,31718.376,31495.997,30262.751,27182.663,30018.860,30313.167
14,13,34825.171,32603.108,34798.006,32968.043,35003.649,35818.716,34758.984,34529.934,33660.966,30787.353,33407.852,33655.236
15,14,36708.188,35366.365,36526.560,35514.426,36909.274,37200.590,36648.722,36457.880,36142.264,34086.179,35934.506,36058.348
16,15,37375.629,36894.059,37080.496,36797.404,37578.823,37410.097,37337.930,37185.488,37378.612,36406.629,37209.419,37219.740
17,16,37009.628,37214.576,36614.070,36869.232,37232.716,36809.155,37011.327,36876.216,37428.661,37431.725,37353.752,37250.108
18,17,36199.230,36709.072,35733.605,36212.649,36415.368,35907.913,36197.664,36093.709,36804.407,37392.890,36792.919,36658.539
19,18,35186.866,35756.594,34674.438,35151.320,35399.269,34940.232,35184.262,35089.955,35827.695,36679.953,35885.028,35701.669
20,19,34233.524,34697.412,33705.796,34090.551,34478.087,34107.127,34246.570,34145.168,34846.120,35714.029,34933.589,34775.440
21,20,33496.026,33787.094,32932.016,33188.228,33853.064,33553.563,33516.461,33400.035,34070.736,34772.950,34130.438,33984.425
22,21,33157.022,33097.766,32583.585,32549.690,33559.082,33337.811,33157.747,33019.759,33647.216,33999.947,33612.100,33491.403
23,22,32839.242,32792.755,32252.248,32269.331,33262.325,32910.548,32828.390,32736.875,33443.142,33564.825,33406.129,33236.781
24,23,32380.854,32403.173,31730.541,31826.966,32849.801,32550.444,32387.370,32232.133,33066.389,33333.978,33006.643,32803.036
25,24,32099.938,31973.463,31413.045,31395.479,32613.128,32275.958,32063.923,31935.123,32790.293,32918.073,32675.363,32468.575
26,25,31777.479,31650.119,31083.855,31076.320,32318.696,31958.658,31711.906,31548.559,32494.099,32595.576,32385.315,32162.261
27,26,31389.557,31263.285,30663.968,30683.643,31960.258,31584.064,31333.929,31187.308,32159.514,32282.205,32016.461,31793.901
28,27,30980.154,30939.562,30236.604,30315.096,31600.344,31189.733,30929.404,30762.236,31812.678,31993.634,31696.413,31404.348
29,28,30647.870,30492.277,29862.402,29848.941,31281.050,30928.779,30571.526,30389.663,31444.014,31619.624,31296.480,31004.929
30,29,30444.304,30173.569,29654.976,29563.393,31123.977,30720.470,30353.260,30148.777,31225.797,31259.051,31079.721,30751.629
31,30,30173.390,29957.299,29342.797,29370.465,30883.428,30367.930,30049.099,29891.445,31018.060,31079.265,30853.484,30563.021
32,31,29830.063,29656.907,28990.568,29017.671,30603.469,30093.438,29702.900,29554.605,30649.749,30901.979,30535.367,30223.980
33,32,29672.479,29353.126,28827.665,28678.163,30558.980,29986.997,29565.319,29396.225,30437.257,30568.431,30281.868,29987.022
34,33,29567.895,29251.059,28702.541,28591.462,30491.382,29820.100,29460.011,29266.879,30388.146,30367.599,30191.250,29926.133
35,34,29253.842,29081.968,28372.316,28416.939,30164.002,29442.916,29160.854,28968.346,30178.625,30278.890,30007.785,29746.416
36,35,28885.117,28745.631,27993.040,28016.975,29800.060,29188.478,28752.990,28590.117,29808.719,30078.617,29693.078,29382.313
37,36,28674.597,28362.374,27774.010,27671.997,29607.325,29050.858,28580.111,28373.941,29497.431,29657.232,29429.398,29147.081
38,37,28481.109,28239.878,27554.315,27500.269,29389.555,28830.093,28377.081,28206.466,29333.998,29474.836,29311.472,29034.455
39,38,28084.462,27975.954,27122.029,27163.571,28990.667,28438.659,27972.714,27804.009,29025.005,29362.522,29040.492,28765.470
40,39,27716.506,27535.162,26718.708,26695.709,28670.410,28165.314,27602.533,27416.477,28638.198,29062.396,28645.550,28400.832
41,40,27508.825,27182.995,26467.426,26301.007,28513.528,28010.287,27367.753,27182.427,28355.797,28725.024,28353.172,28138.798
42,41,27349.571,27047.763,26357.596,26140.674,28407.048,27882.592,27232.747,27070.649,28238.075,28553.812,28235.440,28013.850
43,42,27160.315,26912.784,26167.030,25960.081,28249.256,27681.830,27029.082,26893.577,28109.656,28466.796,28126.103,27842.490
44,43,26962.330,26718.595,25926.607,25794.353,28051.695,27523.536,26830.572,26689.695,27934.091,28355.449,27971.401,27683.053
45,44,26833.104,26514.112,25808.121,25620.471,27934.533,27441.653,26709.729,26561.861,27791.476,28109.796,27811.025,27522.172
46,45,26759.930,26394.234,25785.485,25474.309,27912.296,27456.273,26669.054,26531.552,27714.024,27904.036,27753.267,27414.273
47,46,26760.072,26376.964,25856.521,25420.192,27977.338,27511.385,26706.906,26599.587,27680.970,27735.873,27770.434,27382.873
48,47,26839.269,26485.888,25969.650,25531.926,28145.010,27625.205,26851.161,26699.696,27739.263,27730.306,27887.904,27493.281
49,48,26905.272,26555.170,26045.403,25607.909,28249.957,27643.690,26940.275,26802.516,27735.374,27744.938,27910.160,27513.155
50,49,26808.703,26599.093,25960.175,25644.028,28220.396,27530.839,26896.190,26764.472,27693.518,27761.979,27934.015,27484.095
51,50,26750.054,26508.173,25914.973,25540.586,28177.062,27497.595,26848.554,26678.185,27582.335,27670.933,27821.967,27406.002
52,51,26788.232,26545.308,25983.898,25584.321,28195.992,27534.588,26930.564,26719.270,27639.557,27596.908,27916.138,27449.400
53,52,26752.706,26562.144,25949.311,25607.138,28177.191,27448.447,26908.918,26691.698,27631.825,27622.415,27939.881,27470.795
54,53,26648.353,26479.028,25816.525,25523.934,28057.793,27335.835,26814.510,26589.615,27499.473,27645.395,27867.094,27352.392
55,54,26473.437,26304.480,25655.482,25348.176,27862.176,27211.784,26666.283,26445.270,27349.052,27518.238,27685.852,27200.718
56,55,26426.250,26182.678,25603.478,25201.963,27815.331,27207.419,26634.671,26419.048,27239.501,27392.094,27640.827,27150.706
57,56,26333.364,26111.673,25577.334,25117.025,27730.336,27234.981,26607.174,26360.720,27121.822,27302.378,27619.303,27090.982
58,57,26310.727,26108.455,25612.346,25119.066,27749.703,27315.832,26646.513,26375.479,27085.276,27278.806,27642.217,27087.686
59,58,26251.810,26131.979,25545.420,25130.246,27724.264,27292.408,26647.794,26309.397,27021.048,27306.223,27663.254,27073.925
60,59,26232.006,26086.199,25514.585,25092.981,27747.625,27248.981,26663.076,26295.827,26970.939,27372.414,27593.858,27070.109
61,60,26143.502,26056.952,25400.110,25062.905,27656.346,27105.934,26600.091,26230.111,26919.745,27389.270,27509.205,27048.702
62,61,25930.898,25907.811,25187.841,24889.146,27474.639,26945.101,26356.003,26044.291,26704.821,27284.116,27299.413,26859.375
63,62,25762.356,25662.738,25119.497,24687.166,27367.957,26940.105,26239.463,25866.601,26475.118,27079.104,27110.161,26688.911
64,63,25782.746,25621.888,25157.505,24713.424,27386.134,26975.131,26269.515,25878.481,26474.483,27004.538,27085.522,26741.571
65,64,25737.072,25642.297,25144.578,24721.435,27386.250,26958.588,26256.171,25878.772,26451.058,27056.383,27039.349,26761.427
66,65,25618.902,25605.919,25021.067,24617.029,27263.796,26898.284,26126.578,25768.377,26335.605,27062.159,26934.847,26682.381
67,66,25426.157,25430.838,24866.673,24431.627,27096.533,26814.637,25961.680,25597.813,26151.418,26922.231,26750.932,26510.143
68,67,25400.422,25365.532,24888.399,24385.812,27111.916,26913.556,25967.903,25618.229,26131.871,26828.489,26714.794,26515.369
69,68,25440.111,25383.372,24895.573,24443.669,27140.735,26891.713,25991.519,25635.197,26176.797,26747.451,26768.571,26550.903
70,69,25315.820,25371.726,24782.653,24463.026,27081.401,26760.557,25884.735,25586.193,26142.655,26754.089,26740.980,26498.209
71,70,25130.568,25277.796,24620.498,24330.978,26946.061,26557.690,25678.997,25487.267,25994.729,26672.109,26648.261,26368.408
72,71,24918.075,25156.522,24423.794,24200.863,26745.057,26370.571,25468.297,25314.164,25821.299,26543.473,26509.167,26194.063
73,72,24793.356,24951.979,24294.981,24024.183,26626.055,26286.055,25348.578,25167.114,25655.577,26354.697,26376.526,26031.245
74,73,24774.798,24798.536,24266.295,23928.070,26608.070,26279.586,25329.202,25155.510,25536.245,26157.823,26328.604,25970.038
75,74,24843.356,24770.620,24343.982,23946.084,26643.821,26379.293,25412.944,25245.719,25571.830,26075.264,26421.687,26033.190
76,75,24909.533,24876.776,24431.109,24073.373,26737.314,26433.022,25540.798,25329.081,25693.327,26140.062,26616.662,26137.518
77,76,24963.041,24923.440,24470.586,24123.361,26787.966,26428.916,25643.597,25380.623,25755.022,26191.988,26755.344,26220.436
78,77,24958.301,24967.795,24459.591,24212.688,26752.384,26391.931,25659.272,25381.944,25800.454,26277.948,26847.692,26309.786
79,78,24844.264,24913.973,24393.489,24148.527,26686.847,26303.818,25556.687,25297.893,25729.666,26302.092,26809.382,26272.682
80,79,24816.287,24844.611,24373.371,24110.516,26673.824,26294.845,25526.756,25244.260,25737.330,26278.500,26784.207,26279.895
81,80,24928.039,24800.991,24488.780,24146.210,26766.979,26427.441,25611.817,25327.016,25805.754,26231.297,26789.727,26314.422
82,81,25081.747,24944.878,24601.101,24295.079,26881.169,26524.370,25707.410,25413.734,25946.444,26263.395,26901.196,26466.989
83,82,25060.868,24967.981,24515.752,24307.200,26827.669,26492.226,25669.717,25386.881,25927.218,26330.056,26903.660,26508.327
84,83,25000.703,24888.079,24449.963,24268.712,26794.249,26475.777,25624.738,25346.935,25829.931,26367.994,26890.011,26502.758
85,84,24968.684,24790.679,24388.418,24222.431,26759.584,26442.900,25588.469,25286.248,25737.525,26325.644,26832.544,26457.883
86,85,24973.078,24773.736,24358.383,24190.858,26767.190,26375.348,25582.051,25267.502,25681.868,26286.547,26795.660,26438.666
87,86,24933.669,24674.807,24286.100,24097.522,26681.519,26292.577,25544.950,25143.093,25584.062,26220.225,26686.118,26366.080
88,87,25003.745,24652.760,24275.080,24062.880,26714.054,26406.641,25641.869,25151.576,25570.831,26172.300,26689.319,26391.040
89,88,25077.302,24675.868,24327.254,24120.615,26841.847,26506.324,25750.349,25204.432,25602.296,26161.924,26774.236,26464.934
90,89,25117.381,24693.905,24341.987,24163.977,26949.770,26545.023,25774.529,25205.531,25662.640,26226.952,26839.975,26544.567
91,90,25175.438,24678.430,24321.586,24169.601,27022.718,26561.422,25760.064,25222.360,25638.419,26262.623,26846.133,26556.980
92,91,25285.525,24699.415,24406.138,24230.993,27139.243,26638.665,25831.286,25289.336,25689.064,26284.617,26903.202,26643.207
93,92,25396.553,24787.793,24478.848,24298.615,27276.511,26712.728,25960.245,25354.423,25795.697,26334.769,27031.466,26835.038
94,93,25442.068,24863.678,24503.867,24391.802,27385.361,26736.554,26025.251,25393.795,25819.181,26414.904,27131.408,26950.545
95,94,25445.118,24885.162,24482.937,24370.937,27429.246,26724.831,25998.758,25356.304,25790.749,26444.458,27168.728,26987.689
96,95,25472.056,24904.387,24511.699,24365.529,27592.294,26799.131,26055.765,25348.868,25776.820,26459.870,27215.691,27063.830
97,96,25367.933,24895.587,24455.553,24359.701,27621.579,26757.451,25939.483,25287.471,25759.872,26470.972,27225.324,27066.964
98,97,25340.003,24832.453,24482.315,24297.511,27665.379,26896.078,25950.461,25292.439,25735.210,26451.546,27149.467,27053.050
99,98,25527.131,24885.649,24661.172,24422.118,27840.150,27069.352,26128.002,25459.514,25872.680,26373.229,27243.424,27174.834
100,99,25659.011,25038.588,24767.597,24587.872,27993.721,27194.599,26264.248,25558.422,25990.894,26544.549,27387.710,27307.761
101,100,25755.794,25102.328,24883.358,24693.469,28173.966,27362.231,26372.434,25670.481,26055.358,26677.817,27499.525,27384.540
102,101,25864.459,25190.869,25019.558,24769.458,28334.560,27515.059,26503.289,25814.284,26139.917,26731.164,27586.533,27468.457
103,102,25992.635,25318.856,25141.005,24868.456,28428.119,27644.817,26671.321,25972.318,26257.776,26858.744,27711.802,27578.620
104,103,26039.065,25426.231,25219.151,24955.144,28515.064,27789.616,26840.874,26078.192,26345.714,27018.168,27786.451,27666.235
105,104,26141.613,25510.035,25273.765,25035.136,28649.898,27950.028,26986.806,26153.452,26454.606,27147.023,27910.572,27800.880
106,105,26202.406,25571.192,25323.875,25075.493,28734.169,28060.326,27130.613,26230.948,26578.163,27255.926,28056.058,27904.265
107,106,26228.703,25633.251,25285.649,25129.163,28750.439,28092.750,27187.335,26289.071,26658.237,27320.886,28154.239,28046.186
108,107,26211.481,25628.655,25161.083,25129.716,28757.980,28062.032,27179.491,26279.209,26682.581,27428.148,28239.307,28088.474
109,108,26188.756,25599.019,25096.122,25063.923,28796.568,28127.739,27211.198,26307.968,26671.440,27505.047,28297.551,28086.678
110,109,26231.465,25598.647,25048.755,25015.999,28847.766,28175.299,27258.687,26315.669,26681.061,27524.402,28384.118,28114.229
111,110,26153.145,25514.583,24900.952,24923.993,28783.823,28092.316,27183.765,26227.004,26590.904,27584.604,28391.233,28023.735
112,111,26028.715,25403.815,24740.436,24755.373,28687.202,27988.805,27092.571,26116.659,26496.158,27653.429,28349.319,27900.640
113,112,25919.870,25182.452,24558.515,24555.127,28591.240,27908.805,26965.275,25998.449,26365.725,27595.173,28246.471,27783.759
114,113,25800.167,25004.865,24395.548,24380.715,28491.563,27828.438,26868.914,25887.172,26228.989,27511.870,28147.518,27663.157
115,114,25736.812,24866.673,24260.449,24268.795,28481.549,27814.951,26829.918,25865.333,26175.241,27466.819,28080.031,27579.984
116,115,25805.126,24835.944,24251.002,24271.692,28567.092,27897.839,26919.266,26001.613,26249.288,27474.104,28116.876,27616.733
117,116,25936.559,24900.844,24321.428,24316.339,28713.788,27972.981,27039.668,26119.807,26326.048,27540.469,28213.252,27671.458
118,117,26098.252,25025.264,24382.380,24418.153,28898.009,28104.246,27185.720,26273.469,26463.546,27651.617,28341.838,27810.812
119,118,26293.016,25148.788,24546.558,24546.838,29104.942,28315.544,27373.507,26455.586,26696.472,27774.649,28562.220,28004.101
120,119,26591.492,25361.835,24792.051,24796.968,29325.688,28600.538,27638.197,26762.267,27034.212,28025.884,28877.132,28238.874
121,120,26830.236,25599.049,25027.621,25007.487,29578.943,28860.235,27917.450,27008.999,27375.463,28300.892,29164.421,28489.398
122,121,27040.911,25843.516,25189.789,25184.765,29826.820,29042.894,28154.243,27233.500,27696.042,28622.022,29444.164,28719.377
123,122,27166.228,25983.290,25255.830,25297.825,29975.658,29140.619,28320.675,27375.938,27915.589,28907.666,29561.629,28879.030
124,123,27248.366,26055.774,25249.687,25305.474,30097.262,29180.510,28384.054,27416.132,28033.158,29064.760,29659.888,28965.811
125,124,27255.048,26022.988,25178.626,25241.375,30112.373,29182.757,28369.543,27407.851,28036.085,29131.865,29639.779,29019.707
126,125,27269.170,25963.242,25131.885,25166.204,30122.467,29255.248,28388.120,27424.389,28032.573,29132.813,29615.373,29006.325
127,126,27403.447,25982.772,25191.397,25112.285,30150.280,29378.807,28524.782,27530.870,28169.222,29107.706,29650.848,29088.249
128,127,27549.240,26092.350,25232.787,25135.066,30197.654,29471.576,28699.919,27639.919,28344.071,29203.879,29751.065,29198.964
129,128,27739.804,26295.633,25354.361,25211.994,30304.064,29561.339,28875.979,27821.610,28573.204,29446.689,29893.279,29339.780
130,129,27823.371,26333.103,25348.257,25223.031,30302.860,29572.127,28942.341,27851.712,28677.497,29616.261,29953.616,29375.881
131,130,27888.031,26341.016,25347.096,25192.916,30318.068,29615.041,28985.272,27865.294,28711.724,29719.667,29953.951,29379.823
132,131,28031.680,26352.186,25412.811,25191.105,30444.230,29714.104,29114.449,27983.672,28801.723,29756.153,29994.927,29439.447
133,132,28154.090,26441.240,25452.578,25253.425,30518.204,29796.753,29213.808,28092.747,28919.958,29849.181,30063.887,29515.041
134,133,28236.408,26512.448,25473.870,25275.892,30575.935,29890.428,29285.029,28149.302,29031.921,29977.840,30091.576,29550.197
135,134,28297.977,26586.237,25530.444,25289.717,30621.813,30023.099,29356.336,28234.163,29117.820,30033.336,30135.714,29612.730
136,135,28348.698,26700.367,25574.752,25335.392,30699.077,30141.025,29433.847,28340.539,29252.437,30163.157,30238.701,29696.673
137,136,28354.989,26756.145,25521.915,25322.657,30684.591,30167.886,29462.494,28386.763,29313.165,30244.711,30234.624,29748.072
138,137,28300.971,26760.388,25431.947,25276.037,30618.541,30134.535,29426.631,28386.048,29280.749,30257.356,30186.982,29730.836
139,138,28309.620,26788.019,25394.747,25206.833,30638.494,30187.716,29461.265,28466.300,29279.135,30300.818,30167.990,29760.123
140,139,28379.275,26835.676,25402.175,25171.593,30746.497,30262.672,29579.256,28597.704,29313.332,30320.469,30196.171,29831.030
141,140,28499.353,26941.785,25437.903,25175.891,30812.312,30332.948,29698.754,28711.531,29411.767,30412.004,30239.157,29917.654
142,141,28585.380,27010.232,25409.436,25147.299,30856.419,30360.794,29801.569,28805.105,29446.370,30471.613,30238.061,29993.549
143,142,28675.139,27083.982,25380.893,25109.637,30881.516,30359.226,29865.808,28877.900,29537.560,30501.859,30250.603,30066.514
144,143,28795.685,27212.662,25423.454,25137.884,30907.864,30415.435,29962.476,29007.871,29672.977,30591.527,30268.367,30169.424
145,144,28892.026,27335.729,25459.715,25173.751,30900.194,30434.144,30062.996,29108.858,29781.855,30605.903,30336.991,30228.278
146,145,28914.141,27343.196,25444.756,25145.435,30866.334,30430.769,30104.376,29170.684,29842.877,30630.775,30368.930,30268.298
147,146,28883.060,27326.491,25429.417,25052.640,30805.516,30433.074,30116.646,29241.601,29854.044,30625.982,30369.223,30251.293
148,147,28895.862,27305.323,25440.256,24947.537,30768.713,30443.357,30172.872,29287.823,29846.168,30561.325,30363.191,30268.247
149,148,28968.879,27403.167,25565.588,24966.908,30811.769,30513.319,30282.719,29423.665,29967.155,30524.545,30460.306,30360.825
150,149,29102.372,27604.772,25663.620,25000.881,30842.444,30559.937,30392.974,29550.346,30093.646,30550.022,30547.076,30465.716
151,150,29210.144,27717.990,25702.834,25015.564,30864.260,30627.447,30461.293,29640.346,30160.250,30589.896,30573.325,30539.841
152,151,29395.374,27897.341,25861.329,25083.743,30970.733,30716.784,30588.609,29809.414,30273.766,30662.604,30682.222,30654.096
153,152,29605.618,28160.017,26033.681,25232.312,31120.767,30838.096,30760.955,30021.730,30465.978,30756.703,30839.901,30806.763
154,153,29803.110,28398.161,26172.361,25351.589,31237.807,30921.270,30931.631,30211.614,30620.334,30886.043,30973.450,30945.655
155,154,29905.651,28577.728,26219.633,25410.353,31249.237,30968.606,31039.426,30320.419,30700.228,31042.218,31026.553,31043.742
156,155,30028.635,28763.745,26333.582,25549.544,31320.315,31051.621,31160.666,30432.927,30773.118,31205.674,31106.278,31157.612
157,156,30098.896,28930.709,26422.056,25680.111,31386.983,31087.674,31219.756,30496.555,30862.863,31299.700,31154.420,31267.682
158,157,30054.332,28998.822,26395.980,25713.805,31419.045,31036.408,31182.591,30474.955,30857.767,31340.102,31156.085,31266.118
159,158,30064.225,29048.557,26426.158,25768.114,31461.601,31027.845,31207.789,30501.901,30870.444,31387.291,31183.757,31261.764
160,159,30136.044,29164.486,26487.858,25808.732,31495.004,31053.310,31210.496,30526.536,30898.129,31378.618,31227.655,31246.116
161,160,30216.266,29277.550,26544.039,25844.217,31528.446,31116.606,31245.704,30537.202,30906.877,31406.107,31280.572,31223.423
162,161,30227.513,29366.789,26561.490,25853.633,31528.960,31164.199,31259.695,30536.960,30881.272,31427.261,31299.292,31186.765
163,162,30213.204,29429.892,26536.244,25835.203,31529.306,31227.253,31288.739,30526.966,30849.903,31447.373,31322.638,31146.648
164,163,30278.435,29521.494,26628.001,25843.154,31511.383,31300.592,31333.937,30555.690,30849.032,31436.511,31380.809,31158.308
165,164,30374.247,29675.138,26774.094,25994.889,31551.314,31414.500,31425.968,30610.835,30896.046,31450.028,31480.220,31234.506
166,165,30449.801,29850.487,26877.877,26130.420,31561.978,31496.129,31445.697,30662.733,30932.674,31476.262,31558.385,31283.046
167,166,30490.391,29901.312,26928.022,26091.408,31464.611,31479.873,31391.236,30654.475,30893.394,31510.388,31538.369,31275.049
168,167,30583.810,29963.833,27058.692,26037.868,31438.319,31487.343,31385.844,30725.629,30885.567,31541.053,31518.126,31317.544
169,168,30822.395,30156.389,27351.850,26093.225,31583.849,31588.424,31467.214,30908.702,30944.667,31600.880,31638.538,31450.888
170,169,31064.944,30397.867,27544.706,26164.306,31649.496,31667.559,31500.102,31039.833,31064.827,31667.947,31761.813,31593.291
171,170,31175.907,30542.825,27580.764,26220.354,31611.892,31642.513,31475.000,31056.197,31071.310,31750.879,31773.922,31603.957
172,171,31244.798,30579.633,27630.149,26256.244,31524.049,31607.756,31473.655,31070.560,31054.811,31828.156,31785.173,31581.836
173,172,31317.155,30545.221,27700.517,26237.329,31443.639,31572.374,31493.492,31048.543,30998.233,31802.438,31724.694,31540.615
174,173,31387.876,30531.614,27816.157,26229.283,31447.164,31550.871,31528.690,31067.078,30943.953,31752.515,31693.879,31540.846
175,174,31477.770,30527.082,27959.498,26252.056,31473.301,31563.445,31604.618,31109.914,30928.218,31706.486,31677.568,31586.924
176,175,31585.302,30563.569,28157.312,26379.398,31538.258,31618.688,31715.145,31211.456,30966.039,31726.536,31747.127,31693.772
177,176,31674.855,30600.872,28319.987,26582.987,31608.254,31692.612,31850.489,31321.572,31010.959,31779.069,31794.350,31801.856
178,177,31720.706,30655.832,28473.154,26720.711,31641.333,31725.491,31958.634,31421.514,31036.042,31828.938,31852.002,31908.904
179,178,31790.911,30724.216,28640.273,26894.344,31670.884,31756.989,32031.487,31496.350,31089.282,31931.754,31906.200,32034.592
180,179,31832.384,30764.131,28797.015,26988.005,31726.763,31774.026,32095.222,31558.399,31117.682,31949.296,31945.030,32104.088
181,180,31890.965,30876.559,28941.792,27085.228,31789.600,31771.418,32113.138,31647.858,31131.607,31966.141,31996.315,32166.988
182,181,31871.298,30982.694,29054.645,27169.501,31784.963,31775.835,32109.851,31690.750,31126.562,31966.156,32014.892,32207.387
183,182,31850.215,31048.230,29147.578,27262.920,31781.002,31737.529,32076.377,31738.508,31116.795,31947.226,32002.969,32226.420
184,183,31777.333,31102.865,29155.400,27325.799,31765.253,31724.743,32064.773,31734.845,31078.320,31907.690,31963.823,32251.222
185,184,31739.830,31116.396,29217.614,27365.875,31743.362,31722.499,32094.489,31745.150,30979.514,31854.117,31901.281,32263.451
186,185,31735.585,31188.996,29323.989,27416.849,31769.204,31745.847,32147.387,31790.740,30942.800,31789.534,31924.798,32317.262
187,186,31773.411,31265.919,29469.847,27437.915,31808.932,31803.388,32210.738,31878.398,30959.644,31734.784,31956.821,32369.366
188,187,31854.222,31353.310,29690.005,27594.135,31816.951,31855.370,32300.913,31977.031,31012.871,31746.338,31990.441,32426.794
189,188,31911.245,31414.517,29839.963,27747.283,31782.661,31893.850,32349.464,32020.033,31020.700,31783.189,32043.318,32464.842
190,189,31985.166,31442.592,29983.073,27872.858,31744.586,31960.796,32378.166,32075.601,30997.774,31781.910,32058.184,32482.293
191,190,32048.890,31510.174,30155.963,28053.633,31729.498,32018.488,32402.382,32149.681,30983.588,31750.947,32102.659,32537.389
192,191,32111.033,31645.047,30403.335,28296.235,31731.858,32113.703,32490.347,32249.215,31053.971,31752.467,32188.905,32626.878
193,192,32102.280,31735.091,30610.703,28531.914,31686.486,32183.425,32518.762,32311.561,31064.331,31754.824,32242.574,32652.557
194,193,32147.271,31852.164,30801.773,28766.014,31616.151,32289.049,32567.259,32368.303,31043.638,31757.688,32310.306,32708.120
195,194,32177.345,31921.491,30937.640,28992.244,31575.402,32380.783,32604.495,32441.672,31058.383,31724.894,32359.548,32710.008
196,195,32200.080,31972.219,31053.397,29294.047,31572.716,32426.226,32666.039,32518.839,31110.580,31767.067,32439.375,32725.678
197,196,32194.649,31990.851,31140.251,29552.814,31528.237,32424.864,32682.547,32552.838,31078.643,31720.852,32459.412,32695.191
198,197,32186.092,31980.326,31251.409,29803.848,31497.118,32449.265,32700.935,32615.288,31004.072,31694.957,32444.024,32681.693
199,198,32198.089,32040.454,31415.923,30075.186,31499.005,32438.179,32742.789,32679.103,30995.025,31664.360,32469.366,32717.457
200,199,32282.454,32203.242,31631.574,30404.403,31543.909,32484.328,32862.802,32809.784,31078.207,31731.446,32542.840,32798.765
201,200,32376.030,32316.826,31871.127,30691.344,31574.958,32526.640,32936.177,32936.683,31148.811,31790.333,32560.717,32851.427
202,201,32416.237,32428.901,32063.623,31046.081,31616.443,32528.874,32992.276,33017.236,31194.673,31843.216,32583.593,32889.648
203,202,32472.908,32514.788,32272.196,31332.966,31605.058,32530.546,33034.971,33063.998,31208.342,31857.004,32588.285,32915.955
204,203,32579.027,32596.599,32538.872,31620.057,31616.168,32602.724,33089.707,33161.135,31236.979,31881.287,32620.404,32982.734
205,204,32650.665,32706.980,32809.737,31972.042,31691.854,32664.135,33159.273,33316.341,31280.250,31893.619,32667.912,33083.384
206,205,32679.452,32907.506,33025.590,32322.654,31709.801,32646.410,33206.484,33414.195,31315.780,31964.133,32670.115,33149.867
207,206,32663.535,32998.516,33165.768,32602.987,31635.462,32641.169,33215.068,33477.599,31297.633,31967.956,32648.824,33142.383
208,207,32665.935,33103.149,33315.427,32827.974,31580.227,32690.801,33306.944,33513.730,31281.606,31953.988,32660.115,33172.966
209,208,32674.020,33188.911,33498.921,33099.058,31540.492,32712.454,33392.342,33555.662,31233.022,31918.165,32655.054,33186.883
210,209,32797.314,33284.724,33786.085,33483.779,31550.719,32777.770,33476.217,33690.305,31192.004,31901.336,32721.486,33280.681
211,210,32882.229,33431.904,34049.240,33918.459,31531.746,32774.947,33483.164,33789.382,31106.302,31896.209,32756.321,33355.947
212,211,32993.676,33592.387,34295.633,34379.747,31512.203,32808.737,33549.802,33920.926,31046.046,31896.553,32800.749,33434.533
213,212,33105.949,33777.589,34553.669,34782.186,31579.979,32874.329,33653.887,34031.994,31043.311,31894.942,32854.467,33557.615
214,213,33166.790,33962.615,34808.484,35154.792,31667.558,32878.159,33767.662,34160.745,31048.910,31922.105,32909.261,33669.951
215,214,33130.909,34049.830,34977.219,35474.960,31669.958,32818.761,33805.870,34212.428,31003.281,31935.061,32903.268,33747.276
216,215,33137.459,34134.483,35140.173,35817.965,31672.845,32821.458,33854.681,34285.237,30986.717,31969.668,32937.103,33833.966
217,216,33153.809,34180.022,35284.364,36149.312,31633.167,32816.784,33922.033,34365.325,30938.760,31941.717,32978.419,33906.525
218,217,33181.120,34226.205,35453.292,36455.177,31599.760,32849.142,34009.174,34477.705,30889.192,31946.845,33004.328,33988.279
219,218,33237.181,34317.751,35658.721,36842.203,31606.345,32892.451,34106.029,34635.699,30865.324,31983.300,33050.600,34069.325
220,219,33290.460,34457.748,35834.382,37291.055,31616.690,32915.151,34190.059,34791.183,30865.051,32111.492,33147.355,34145.224
221,220,33273.100,34591.451,35949.975,37615.371,31568.347,32841.212,34181.911,34881.644,30762.070,32145.638,33143.435,34151.509
222,221,33231.952,34655.128,36085.491,37888.980,31498.712,32766.033,34159.795,34949.760,30604.792,32120.782,33107.464,34107.120
223,222,33249.969,34709.923,36281.432,38144.909,31460.258,32706.155,34159.752,34994.510,30507.056,32080.442,33071.197,34094.394
224,223,33288.768,34792.246,36496.221,38427.494,31450.251,32701.105,34218.453,35052.681,30443.364,32046.337,33076.211,34090.049
225,224,33332.582,34897.722,36714.437,38691.969,31445.355,32708.462,34267.097,35110.034,30389.740,32012.172,33101.530,34153.210
226,225,33377.573,35000.858,36926.534,38930.655,31474.438,32729.397,34374.377,35196.875,30404.595,31988.947,33119.234,34216.171
227,226,33405.094,35089.724,37150.125,39125.313,31488.877,32764.814,34447.990,35291.418,30428.606,31987.816,33181.819,34279.653
228,227,33428.882,35194.339,37359.552,39324.568,31521.610,32795.064,34555.056,35408.550,30500.553,32032.699,33247.846,34354.366
229,228,33468.077,35260.048,37564.392,39542.875,31565.685,32816.944,34639.162,35508.053,30531.082,32042.608,33278.730,34439.582
230,229,33499.385,35365.462,37785.811,39727.614,31589.980,32875.541,34762.752,35636.868,30627.454,32129.726,33327.882,34532.464
231,230,33503.766,35481.540,38011.792,39913.253,31544.366,32871.099,34836.112,35686.875,30605.037,32183.135,33329.328,34612.832
232,231,33487.619,35593.500,38248.655,40113.250,31523.406,32881.140,34930.482,35800.794,30584.188,32219.957,33346.152,34693.070
233,232,33486.944,35714.069,38422.556,40294.864,31537.229,32922.280,35014.092,35887.325,30548.920,32254.972,33350.858,34724.871
234,233,33476.488,35781.962,38543.220,40438.918,31487.477,32905.135,35090.761,35949.797,30512.554,32246.488,33347.363,34747.002
235,234,33494.256,35887.717,38656.346,40541.740,31441.976,32940.335,35206.761,36075.356,30491.826,32207.507,33370.408,34753.021
236,235,33573.506,36051.581,38795.328,40657.964,31475.345,33016.766,35346.751,36211.841,30514.016,32238.041,33412.476,34799.412
237,236,33651.930,36221.930,38963.921,40788.547,31506.975,33048.292,35462.030,36357.324,30530.749,32258.272,33452.222,34829.339
238,237,33684.697,36370.210,39103.137,40913.136,31517.733,33043.910,35508.325,36481.593,30533.937,32218.929,33472.321,34845.372
239,238,33683.701,36510.487,39215.418,41008.045,31501.071,33013.729,35525.802,36566.453,30477.387,32161.509,33427.231,34838.499
240,239,33732.460,36647.701,39381.816,41113.026,31554.361,33042.869,35580.857,36715.306,30508.592,32163.476,33458.363,34892.899
241,240,33747.699,36768.042,39483.461,41204.760,31556.579,33078.617,35612.415,36837.325,30490.204,32143.141,33487.363,34944.354
242,241,33799.522,36903.604,39619.685,41300.197,31561.901,33133.133,35657.399,36962.101,30491.091,32157.035,33506.794,35014.001
243,242,33832.828,37022.934,39741.599,41372.716,31533.735,33153.829,35681.404,37069.748,30473.142,32148.472,33496.080,35047.763
244,243,33868.529,37136.278,39853.243,41471.144,31504.846,33211.747,35736.634,37164.903,30492.537,32152.385,33511.136,35113.035
245,244,33884.509,37224.786,39966.839,41532.751,31480.697,33276.706,35815.851,37270.278,30492.405,32165.488,33555.159,35188.884
246,245,33904.570,37323.569,40051.411,41574.067,31477.336,33365.472,35903.081,37370.934,30513.517,32197.294,33583.466,35236.789
247,246,33974.106,37440.944,40130.816,41610.612,31517.090,33446.551,36024.464,37480.632,30589.222,32221.904,33634.007,35296.002
248,247,34047.355,37592.766,40223.940,41688.064,31576.205,33510.328,36149.705,37610.999,30688.219,32359.986,33708.537,35373.430
249,248,34065.894,37714.368,40252.031,41722.344,31517.430,33516.316,36214.865,37704.746,30670.260,32436.667,33711.542,35398.973
250,249,34144.887,37844.980,40311.852,41775.917,31521.812,33557.952,36352.546,37825.795,30638.985,32440.046,33734.280,35432.012
251,250,34248.904,37960.007,40351.599,41819.693,31575.538,33611.798,36487.725,37896.857,30641.279,32408.305,33777.066,35493.007
252,251,34353.468,38073.811,40391.297,41856.226,31664.395,33637.519,36609.288,37962.471,30700.211,32411.280,33845.614,35569.343
253,252,34429.756,38185.721,40427.046,41918.624,31722.421,33627.901,36680.234,38044.976,30746.016,32460.903,33922.454,35618.359
254,253,34461.587,38258.660,40461.989,41917.899,31748.344,33610.506,36699.138,38091.861,30739.256,32481.723,33953.206,35631.926
255,254,34511.381,38331.243,40478.615,41913.562,31785.867,33648.546,36747.191,38117.418,30712.078,32455.467,33979.478,35689.159
256,255,34631.299,38421.244,40551.664,41952.486,31895.979,33750.194,36821.053,38192.371,30785.247,32490.372,34071.146,35792.057
257,256,34737.530,38509.796,40609.796,41992.169,31938.432,33820.765,36907.813,38258.919,30845.014,32575.120,34150.477,35899.722
258,257,34761.363,38530.834,40628.850,41995.487,31893.304,33844.864,36959.472,38303.391,30829.170,32630.147,34183.716,35931.639
259,258,34758.422,38520.649,40614.984,41977.572,31836.822,33809.894,36933.461,38269.981,30766.335,32619.117,34169.907,35908.414
260,259,34818.590,38555.114,40669.327,41992.001,31901.005,33884.674,37008.382,38329.752,30812.129,32695.773,34195.326,35934.531
261,260,34872.812,38596.603,40728.441,41998.712,31951.029,33962.682,37044.779,38385.405,30880.685,32723.964,34246.389,35981.616
262,261,34908.894,38611.931,40759.885,42010.028,32020.218,34007.752,37091.326,38436.453,30993.754,32744.023,34321.852,35995.720
263,262,34959.137,38636.582,40793.576,42004.588,32081.801,34033.416,37087.012,38458.789,31094.273,32766.386,34405.521,35994.335
264,263,35010.902,38672.073,40823.984,42029.136,32186.013,34085.483,37114.643,38499.267,31200.468,32829.791,34458.058,36027.960
265,264,35007.666,38704.635,40834.940,42023.141,32225.362,34085.876,37122.501,38522.610,31295.783,32848.513,34488.749,36033.066
266,265,35004.132,38743.757,40858.843,42016.476,32225.825,34076.428,37088.453,38559.288,31351.032,32850.184,34528.812,36053.641
267,266,35007.802,38742.309,40845.464,42013.320,32201.257,34050.850,37073.472,38560.222,31371.360,32847.377,34507.314,36040.460
268,267,34989.475,38760.090,40855.123,41984.214,32157.796,34042.012,37044.573,38570.745,31351.139,32821.874,34479.649,36018.459
269,268,34966.968,38768.967,40883.761,41976.061,32076.491,34034.353,36992.438,38569.993,31316.931,32762.879,34427.538,35974.846
270,269,34998.721,38784.475,40892.808,41989.140,32029.619,34039.915,36984.939,38587.795,31294.771,32741.470,34363.100,35958.007
271,270,35010.079,38767.614,40925.963,41971.569,31940.900,34030.954,36923.225,38555.447,31279.915,32698.976,34273.665,35923.595
272,271,35057.262,38801.382,40919.713,41949.216,31945.509,34058.704,36916.980,38567.363,31306.568,32702.445,34231.716,35930.616
273,272,35077.740,38820.916,40935.846,41971.551,31920.945,34059.378,36882.986,38566.718,31372.230,32707.676,34210.347,35944.352
274,273,35084.762,38793.941,40915.765,41961.260,31907.888,34014.576,36846.097,38553.803,31415.170,32704.928,34181.406,35932.309
275,274,35089.553,38807.099,40890.271,41947.207,31878.088,34011.017,36812.427,38507.820,31413.063,32682.737,34149.315,35892.390
276,275,35114.596,38828.882,40879.056,41925.044,31850.230,34038.980,36802.378,38489.593,31459.733,32655.531,34173.093,35891.552
277,276,35125.323,38840.089,40876.298,41940.352,31869.558,34056.800,36819.857,38454.136,31510.353,32663.731,34204.178,35891.981
278,277,35131.795,38828.354,40861.799,41922.359,31850.057,34064.660,36736.102,38399.274,31546.005,32674.435,34215.610,35854.614
279,278,35133.181,38790.895,40825.453,41905.333,31798.290,34019.885,36678.824,38376.899,31504.898,32650.322,34229.848,35814.779
280,279,35140.206,38762.862,40821.287,41905.189,31803.205,34035.818,36669.214,38377.537,31497.762,32668.264,34266.769,35815.545
281,280,35127.056,38745.024,40804.433,41886.932,31862.018,34058.830,36668.385,38371.420,31500.516,32671.418,34281.083,35811.490
282,281,35080.090,38714.635,40793.614,41843.482,31916.375,34045.283,36650.501,38387.474,31547.198,32687.955,34268.739,35808.896
283,282,35041.798,38675.277,40764.009,41819.119,31980.138,34010.498,36633.202,38363.073,31574.139,32766.318,34240.580,35821.119
284,283,35024.917,38635.335,40739.483,41785.132,32001.650,33957.938,36612.426,38346.611,31567.949,32831.018,34201.980,35791.553
285,284,34967.647,38562.769,40689.656,41737.986,31974.233,33884.825,36556.802,38309.919,31511.480,32826.534,34146.818,35728.712
286,285,34913.574,38472.218,40616.479,41689.615,31953.465,33841.777,36462.512,38262.013,31455.546,32836.560,34086.141,35656.749
287,286,34871.186,38375.873,40568.570,41624.205,31953.707,33807.847,36373.001,38237.003,31440.641,32804.681,33969.860,35616.387
288,287,34838.782,38282.422,40509.807,41572.879,31942.360,33782.770,36331.124,38180.162,31433.307,32750.839,33879.147,35590.180
289,288,34793.974,38175.906,40456.713,41508.411,31932.279,33722.156,36262.875,38135.454,31454.188,32695.691,33828.879,35550.146
290,289,34749.210,38126.835,40361.043,41471.065,31953.015,33668.843,36215.423,38106.262,31493.406,32685.374,33786.764,35537.972
291,290,34673.647,38052.168,40240.505,41382.796,31922.236,33583.875,36099.470,38025.855,31452.876,32614.662,33693.225,35451.695
292,291,34638.030,37992.316,40136.595,41289.409,31932.968,33518.204,35972.514,37963.744,31444.035,32554.026,33630.745,35385.438
293,292,34566.686,37904.074,40059.231,41186.695,31952.717,33460.093,35841.530,37906.979,31392.513,32486.779,33544.340,35320.972
294,293,34462.441,37812.417,39957.416,41060.107,31939.493,33377.130,35724.987,37817.966,31322.043,32404.255,33455.596,35223.593
295,294,34339.142,37724.823,39862.776,40938.692,31938.547,33337.864,35586.622,37737.462,31250.502,32320.419,33345.822,35124.812
296,295,34251.560,37646.232,39739.492,40827.191,31955.349,33294.295,35467.254,37651.464,31226.354,32250.801,33264.372,35009.653
297,296,34159.164,37585.587,39617.643,40676.980,31944.601,33216.544,35364.543,37534.687,31140.294,32190.945,33152.708,34846.224
298,297,34023.233,37485.999,39443.634,40518.745,31882.104,33104.197,35226.150,37386.145,31021.136,32073.234,32989.113,34652.348
299,298,33920.574,37362.203,39262.984,40389.113,31806.449,32994.107,35127.358,37249.745,30915.547,31986.080,32844.284,34495.584
300,299,33893.455,37271.297,39129.111,40253.363,31848.111,32896.107,35082.286,37199.910,30946.421,32013.893,32819.744,34396.719
301,300,33842.241,37166.275,38983.139,40088.005,31848.702,32782.964,34997.890,37105.630,30927.933,32073.469,32773.907,34325.200
302,301,33812.329,37011.673,38838.293,39903.135,31833.731,32647.082,34942.339,36991.356,30913.378,32107.965,32680.606,34256.998
303,302,33799.282,36879.257,38707.719,39722.697,31854.955,32549.008,34911.795,36893.498,30912.474,32131.303,32618.510,34173.268
304,303,33834.036,36782.814,38559.063,39527.774,31875.761,32516.352,34865.820,36802.403,30963.610,32155.525,32513.041,34122.680
305,304,33872.358,36710.389,38397.187,39322.923,31919.881,32457.926,34809.823,36712.728,31053.463,32188.133,32498.519,34119.334
306,305,33878.032,36600.548,38240.532,39123.444,31921.772,32422.518,34747.013,36607.815,31086.405,32204.302,32451.816,34075.412
307,306,33893.649,36448.760,37998.165,38912.921,31871.276,32337.390,34640.074,36485.788,31113.559,32216.373,32390.102,34040.357
308,307,33890.876,36260.568,37797.936,38641.205,31838.302,32292.502,34524.617,36375.022,31152.288,32220.310,32358.965,33995.141
309,308,33830.481,36064.519,37586.824,38390.303,31743.186,32222.532,34382.528,36203.626,31112.078,32160.011,32257.968,33919.041
310,309,33755.480,35887.549,37377.140,38151.173,31652.595,32127.561,34254.566,36028.003,31016.147,32066.128,32154.460,33898.995
311,310,33714.916,35691.052,37147.911,37897.463,31595.961,32108.215,34170.692,35907.582,30971.463,31965.738,32089.699,33888.280
312,311,33665.032,35565.155,36940.490,37669.047,31552.890,32064.939,34117.040,35807.305,30963.620,31854.652,32106.370,33916.547
313,312,33644.901,35465.709,36730.045,37386.402,31501.987,32009.712,34032.085,35688.545,30912.572,31807.530,32076.101,33903.013
314,313,33585.980,35334.956,36485.452,37054.152,31453.725,31918.347,33939.507,35530.238,30831.106,31698.068,32019.829,33850.947
315,314,33529.750,35214.492,36223.068,36693.680,31397.857,31892.825,33872.679,35370.703,30739.256,31568.612,32013.870,33812.259
316,315,33523.348,35129.253,36025.869,36358.145,31373.884,31914.519,33875.252,35246.324,30697.174,31487.906,32051.183,33792.420
317,316,33526.064,35070.344,35819.640,36061.504,31377.534,31937.639,33875.695,35143.448,30690.118,31468.968,32076.252,33809.348
318,317,33497.808,34980.660,35555.361,35740.055,31331.191,31922.014,33858.939,35031.176,30620.173,31424.711,32077.473,33793.035
319,318,33489.020,34855.937,35265.281,35431.969,31285.172,31921.349,33858.572,34899.605,30561.830,31370.189,32073.677,33815.028
320,319,33480.729,34771.931,35010.248,35150.163,31274.590,31966.397,33825.269,34775.402,30564.881,31363.296,32132.224,33833.302
321,320,33437.714,34654.746,34750.447,34823.630,31280.671,31953.083,33820.310,34668.324,30516.287,31346.786,32208.886,33824.051
322,321,33421.678,34486.239,34544.230,34496.505,31270.496,31965.902,33773.109,34550.978,30478.862,31290.211,32233.476,33817.505
323,322,33407.357,34348.086,34343.860,34222.283,31244.531,31958.270,33723.225,34419.786,30461.340,31261.677,32241.396,33788.296
324,323,33371.413,34193.003,34142.312,33908.747,31201.912,31923.645,33678.464,34285.783,30415.952,31282.507,32250.627,33703.094
325,324,33329.548,34008.473,33972.272,33575.672,31135.383,31924.855,33584.200,34168.628,30388.646,31268.225,32213.614,33656.185
326,325,33283.349,33827.589,33783.540,33242.890,31068.297,31861.865,33435.703,33986.295,30360.161,31285.657,32190.923,33605.963
327,326,33223.812,33592.357,33539.118,32857.338,30936.526,31798.503,33276.301,33742.410,30312.378,31284.640,32142.851,33555.277
328,327,33176.341,33395.312,33314.995,32576.968,30835.012,31766.034,33139.985,33533.269,30307.062,31262.400,32145.992,33549.762
329,328,33082.404,33183.483,33029.229,32298.608,30745.727,31688.439,32958.912,33337.240,30261.744,31186.183,32134.039,33488.316
330,329,32936.737,32945.741,32728.377,31958.373,30609.236,31553.290,32746.892,33134.689,30163.843,31075.164,32140.997,33447.934
331,330,32820.894,32663.603,32429.036,31577.953,30409.838,31411.752,32515.859,32958.429,30019.196,30977.691,32073.060,33333.410
332,331,32702.892,32417.987,32134.325,31239.111,30273.480,31341.715,32377.213,32834.798,29959.652,30860.088,32038.134,33237.033
333,332,32574.149,32196.971,31876.787,30948.236,30171.118,31284.332,32265.667,32735.524,29950.763,30710.691,32021.701,33166.902
334,333,32450.423,32050.010,31651.040,30714.058,30063.714,31260.699,32163.768,32641.701,29933.461,30551.426,32033.477,33077.253
335,334,32349.616,31969.689,31445.836,30558.110,30042.997,31310.350,32099.220,32597.385,29983.911,30475.345,32067.249,33001.221
336,335,32283.154,31935.508,31269.860,30416.665,30026.178,31371.297,32071.397,32592.858,30051.466,30430.067,32118.508,32993.226
337,336,32219.812,31929.031,31089.735,30237.194,29978.635,31398.087,31995.626,32555.603,30060.438,30417.202,32171.717,32997.155
338,337,32098.636,31829.169,30913.768,30006.078,29962.575,31412.516,31906.557,32456.258,30026.230,30436.209,32209.364,32991.722
339,338,32043.310,31661.456,30760.835,29765.450,29934.700,31445.437,31864.266,32355.591,29984.431,30405.941,32226.981,32960.431
340,339,32016.260,31514.607,30669.996,29599.032,30015.113,31494.983,31846.128,32286.731,30026.283,30395.221,32293.527,32954.452
341,340,31978.259,31382.369,30594.008,29464.453,30087.701,31538.209,31817.259,32213.996,30074.898,30413.903,32390.580,32946.866
342,341,31965.965,31307.099,30566.661,29352.810,30132.243,31572.266,31779.029,32129.592,30076.820,30427.668,32502.024,32955.753
343,342,31956.933,31310.464,30507.822,29261.979,30178.369,31601.180,31738.517,32018.731,30097.400,30435.106,32621.982,32931.093
344,343,31941.154,31350.164,30437.578,29200.491,30246.230,31663.152,31720.455,31922.491,30111.265,30502.198,32693.288,32933.960
345,344,31880.124,31329.741,30300.659,29087.263,30282.005,31701.043,31675.411,31831.871,30139.490,30506.684,32729.535,32913.357
346,345,31769.762,31236.609,30135.762,28955.139,30258.014,31657.223,31600.690,31699.001,30074.463,30465.564,32727.098,32841.183
347,346,31653.859,31107.643,29904.586,28778.085,30129.646,31507.951,31466.875,31548.065,29971.730,30436.744,32702.514,32733.847
348,347,31543.876,30975.811,29685.765,28547.049,29992.819,31412.895,31353.718,31415.728,29881.894,30378.376,32679.904,32642.587
349,348,31376.341,30793.028,29456.055,28290.036,29838.177,31311.327,31191.768,31226.905,29772.238,30255.443,32599.863,32548.910
350,349,31144.704,30596.170,29213.142,27955.753,29646.535,31193.990,30989.481,31010.394,29615.818,30116.244,32469.626,32422.609
351,350,30954.739,30362.777,29015.576,27614.132,29494.806,31105.810,30774.935,30805.635,29444.240,30002.234,32359.654,32305.381
352,351,30794.363,30189.037,28829.391,27307.427,29380.406,31030.350,30614.423,30659.866,29309.695,29948.060,32269.926,32237.487
353,352,30633.012,30039.457,28601.296,27002.603,29259.326,30932.827,30390.638,30525.585,29169.318,29860.843,32162.535,32134.106
354,353,30494.411,29870.569,28364.626,26723.950,29104.199,30801.187,30147.073,30340.399,29020.691,29740.483,32072.481,32009.268
355,354,30451.410,29720.131,28253.008,26499.647,29031.632,30757.131,29970.576,30218.148,28944.831,29618.051,32021.291,31958.935
356,355,30443.829,29629.479,28218.893,26299.564,28980.070,30744.684,29844.378,30122.667,28927.146,29507.208,32055.209,31968.198
357,356,30369.339,29596.587,28113.366,26109.711,28878.404,30668.425,29631.647,29984.605,28915.224,29467.629,32102.443,31890.407
358,357,30224.851,29526.688,27953.146,25854.165,28790.803,30598.166,29466.252,29826.052,28861.158,29409.533,32094.543,31797.579
359,358,30147.514,29392.416,27813.551,25621.610,28647.531,30595.636,29373.105,29681.277,28792.443,29258.475,32019.003,31801.311
360,359,30113.335,29342.899,27743.006,25521.285,28596.013,30612.460,29301.611,29600.094,28779.211,29203.790,32028.301,31847.390
361,360,30053.201,29286.617,27703.451,25455.027,28502.674,30625.832,29266.714,29542.033,28792.714,29296.782,32057.722,31874.275
362,361,29979.491,29169.005,27595.947,25377.726,28349.286,30617.854,29211.657,29480.387,28764.532,29378.503,32021.849,31844.322
363,362,29885.400,29036.357,27477.502,25267.561,28254.178,30614.842,29136.146,29407.898,28677.050,29397.052,31999.416,31807.578
364,363,29800.096,28887.782,27330.272,25154.088,28198.062,30606.439,29076.095,29316.804,28632.644,29412.186,31996.334,31746.005
365,364,29718.481,28706.156,27181.521,24964.926,28162.821,30619.687,29055.565,29169.810,28601.042,29376.180,31951.030,31644.062
366,365,29672.774,28556.446,27044.878,24804.322,28104.910,30683.086,29036.861,29070.474,28563.969,29348.032,31926.544,31550.800
367,366,29654.408,28488.474,26928.976,24668.900,28086.093,30697.135,29054.619,29006.953,28598.397,29335.495,31936.146,31450.223
368,367,29671.426,28491.280,26824.128,24571.238,28067.030,30746.403,29082.746,28943.244,28644.114,29397.776,31999.888,31409.810
369,368,29626.706,28403.405,26638.334,24369.913,28016.716,30694.135,29082.083,28800.173,28650.356,29450.071,31964.589,31301.072
370,369,29560.566,28265.400,26420.639,24128.074,27905.256,30592.612,28981.229,28602.795,28603.542,29481.674,31894.022,31117.832
371,370,29481.321,28102.418,26213.920,23809.394,27792.825,30477.019,28889.504,28413.805,28599.813,29587.354,31865.010,30995.608
372,371,29353.164,27914.010,26053.785,23430.208,27740.002,30318.752,28766.636,28262.245,28574.637,29625.926,31771.893,30851.402
373,372,29213.980,27729.636,25852.433,23023.946,27690.514,30151.781,28658.755,28113.835,28553.698,29636.960,31661.526,30708.745
374,373,29056.481,27597.409,25640.889,22703.301,27632.947,29974.486,28513.979,27982.611,28514.579,29689.217,31593.025,30618.085
375,374,28828.519,27490.754,25343.552,22346.952,27514.113,29767.922,28342.261,27802.524,28464.829,29763.557,31463.726,30469.640
376,375,28592.628,27353.025,25091.162,22042.995,27358.627,29559.767,28175.366,27611.159,28433.433,29829.077,31352.243,30316.570
377,376,28391.294,27171.096,24817.232,21736.441,27186.272,29336.694,27987.711,27337.633,28373.840,29805.739,31224.406,30160.321
378,377,28218.314,26996.620,24577.151,21469.413,27015.990,29153.206,27723.496,27107.279,28334.905,29716.821,31130.890,30006.712
379,378,27996.240,26857.104,24227.803,21201.027,26794.359,28932.202,27430.965,26864.029,28284.110,29648.981,31008.315,29800.494
380,379,27845.802,26687.326,23984.096,21028.140,26610.830,28772.252,27191.634,26750.618,28275.537,29581.847,30919.337,29659.118
381,380,27696.535,26478.404,23797.702,20887.724,26464.375,28655.611,26906.025,26608.768,28327.122,29540.933,30867.310,29516.338
382,381,27514.469,26166.504,23560.134,20600.089,26242.698,28588.419,26582.859,26416.422,28381.569,29444.775,30718.986,29306.610
383,382,27406.536,25901.753,23345.506,20352.847,26050.756,28547.871,26337.627,26277.399,28498.858,29388.253,30609.348,29170.854
384,383,27288.608,25702.453,23168.164,20204.037,25991.209,28481.623,26172.596,26110.396,28661.353,29427.004,30543.916,29020.336
385,384,27151.916,25472.537,22831.618,20009.804,25827.657,28292.278,25950.770,25877.133,28760.149,29435.722,30470.307,28792.018
386,385,26940.247,25126.877,22501.591,19740.361,25691.957,28095.521,25767.345,25590.017,28797.743,29340.366,30295.420,28494.367
387,386,26705.679,24800.911,22301.914,19539.400,25607.486,27969.886,25643.028,25293.760,28791.225,29274.565,30081.634,28316.854
388,387,26592.897,24568.049,22223.609,19477.229,25585.160,27930.074,25621.412,25136.820,28807.921,29241.444,29910.175,28230.238
389,388,26453.993,24377.612,22148.916,19471.430,25521.451,27819.354,25549.905,24914.226,28772.648,29230.712,29740.468,28070.749
390,389,26290.975,24196.004,22024.605,19436.629,25415.143,27674.710,25484.358,24700.396,28680.021,29223.804,29575.695,27942.936
391,390,26248.614,24132.119,21948.587,19441.825,25346.442,27578.286,25460.309,24597.210,28652.545,29317.326,29492.326,27831.493
392,391,26141.629,24057.294,21846.467,19372.450,25291.570,27456.455,25402.528,24525.288,28641.874,29380.621,29378.631,27703.286
393,392,26034.744,23997.440,21756.669,19292.083,25323.578,27319.106,25359.951,24465.526,28644.611,29421.011,29302.061,27498.842
394,393,25930.578,23934.249,21700.639,19175.286,25361.236,27178.452,25335.565,24383.107,28609.935,29445.772,29163.564,27313.331
395,394,25832.254,23916.154,21688.947,19118.974,25390.269,27108.177,25337.071,24311.714,28573.219,29448.100,29013.058,27145.714
396,395,25843.743,23942.778,21776.423,19074.191,25511.377,27035.269,25443.273,24299.179,28573.680,29497.211,28896.845,27093.863
397,396,25921.474,23991.253,21909.207,19123.230,25709.777,27061.188,25626.032,24399.909,28647.414,29579.360,28867.686,27143.104
398,397,26154.130,24185.871,22154.203,19283.646,26046.380,27176.524,25923.899,24612.292,28832.240,29685.691,28972.905,27313.693
399,398,26551.234,24488.199,22521.658,19631.215,26521.285,27420.251,26324.335,24903.029,29091.663,29829.168,29181.613,27601.267
400,399,27226.445,24991.035,23189.376,20210.616,27244.120,27995.680,27001.134,25459.340,29557.834,30067.769,29610.802,28104.849
401,400,28100.358,25846.870,24187.624,21158.574,28149.396,28758.408,27748.700,26312.382,30258.941,30490.744,30184.323,28775.374
402,401,28712.325,26751.948,24959.506,22123.128,28748.494,29095.271,28033.739,26988.360,30917.778,30994.497,30695.864,29216.112
403,402,28348.920,27118.423,24632.147,22240.325,28491.956,28419.936,27307.774,26717.283,30808.738,31329.603,30645.233,28716.754
404,403,27134.983,26386.297,23161.287,20873.303,27384.507,27103.520,25965.349,25423.938,29886.450,30989.951,29769.120,27432.856
405,404,25887.599,24938.433,21628.675,18877.146,26062.020,25988.700,24908.829,23995.677,28747.380,30004.102,28540.579,26247.563
406,405,25358.398,23767.114,20968.400,17609.902,25444.923,25646.247,24574.948,23390.810,28181.942,28933.548,27721.682,25754.962
407,406,25323.282,23404.859,20833.094,17288.174,25350.075,25597.118,24571.410,23334.075,28077.388,28407.835,27432.756,25594.509
408,407,25418.703,23423.740,20888.698,17208.039,25399.992,25685.365,24718.879,23401.420,28106.715,28291.666,27394.051,25636.012
409,408,25583.343,23465.497,21059.075,17159.249,25470.195,25813.018,24882.385,23497.271,28162.490,28217.953,27317.232,25725.263
410,409,25774.437,23627.096,21319.981,17287.487,25656.401,25991.133,25103.457,23719.769,28292.751,28192.952,27340.278,25914.276
411,410,25865.087,23957.100,21420.624,17472.652,25848.601,26080.362,25263.459,23974.682,28408.124,28306.987,27461.619,26042.554
412,411,25876.427,24200.736,21261.195,17417.514,25916.301,26045.765,25323.119,24113.288,28410.816,28364.669,27458.286,26092.678
413,412,25847.155,24218.438,20951.743,17262.453,25913.039,26022.333,25246.367,24113.418,28376.000,28243.017,27314.057,26071.679
414,413,25704.102,24146.838,20523.938,16972.218,25875.828,25918.502,25054.352,23942.598,28294.588,28097.653,27129.181,25980.396
415,414,25552.661,23999.283,20135.187,16665.960,25794.516,25720.002,24742.962,23714.476,28164.655,27884.920,26840.457,25823.162
416,415,25408.311,23839.714,19861.733,16422.563,25752.349,25571.345,24513.978,23475.013,28040.263,27666.116,26588.261,25707.480
417,416,25220.523,23703.870,19629.814,16317.052,25798.312,25467.575,24300.801,23309.196,27945.716,27488.871,26430.430,25623.963
418,417,24968.786,23566.055,19345.654,16124.197,25852.116,25358.393,24127.882,23019.722,27859.057,27365.189,26285.533,25485.213
419,418,24708.915,23359.116,19036.528,15867.816,25939.382,25278.580,23951.525,22740.949,27798.005,27182.529,26139.578,25301.816
420,419,24463.580,23152.262,18761.566,15677.449,26032.361,25189.117,23805.535,22499.774,27761.168,27085.645,26109.881,25117.532
421,420,24339.792,23016.948,18554.235,15565.948,26087.681,25151.913,23753.675,22309.938,27785.440,27028.531,26112.882,25000.495
422,421,24162.866,22752.841,18254.405,15400.360,26073.315,25032.160,23654.064,22148.596,27739.640,26861.725,26046.015,24791.357
423,422,24053.020,22573.768,18008.754,15267.191,26098.161,24974.471,23671.180,22040.313,27738.362,26754.614,25959.699,24636.782
424,423,24066.560,22546.574,17938.068,15297.244,26177.991,25009.865,23771.136,22051.076,27851.727,26752.804,25979.623,24624.512
425,424,24027.342,22521.382,17832.331,15293.876,26205.999,24965.630,23815.530,21960.253,27899.810,26772.001,25930.010,24568.079
426,425,23996.135,22482.950,17646.166,15192.857,26241.933,24920.994,23849.512,21825.760,27920.532,26772.436,25836.952,24502.138
427,426,23982.540,22419.614,17480.341,15077.276,26237.075,24847.964,23801.737,21680.447,27837.159,26779.855,25743.192,24419.603
428,427,24157.995,22380.629,17579.461,15173.266,26370.680,24906.872,23906.412,21751.276,27847.853,26813.517,25773.072,24507.751
429,428,24283.305,22302.765,17560.576,15332.740,26458.433,24919.253,23959.395,21722.907,27882.244,26852.244,25819.376,24523.596
430,429,24410.889,22300.547,17492.657,15441.963,26595.626,24976.995,23970.556,21665.309,27891.230,26854.090,25845.098,24602.758
431,430,24540.352,22385.139,17518.623,15588.063,26767.020,25057.493,24016.405,21702.290,27960.459,26909.684,25913.726,24646.114
432,431,24523.245,22362.285,17421.098,15628.356,26798.615,24970.209,23914.317,21590.779,27920.807,26919.221,25888.336,24536.287
433,432,24423.490,22161.047,17153.525,15482.000,26726.136,24716.072,23749.398,21314.189,27842.991,26835.079,25769.281,24289.488
434,433,24322.149,21892.877,16912.287,15316.070,26597.147,24486.795,23638.395,21084.579,27743.878,26684.273,25610.320,24131.778
435,434,24253.468,21704.496,16772.075,15240.457,26465.903,24274.867,23499.554,20948.263,27663.421,26533.927,25515.020,24006.919
436,435,24190.777,21570.200,16483.938,15148.260,26406.530,24065.978,23239.403,20737.324,27623.289,26492.048,25440.068,23853.943
437,436,24108.173,21318.962,16148.614,14952.770,26327.256,23900.159,23044.883,20450.449,27564.319,26413.144,25320.620,23684.761
438,437,24017.912,21091.505,16032.480,14820.568,26261.184,23783.463,22902.172,20258.950,27553.423,26281.547,25207.014,23522.255
439,438,23933.641,20923.286,15924.203,14711.617,26218.104,23747.881,22826.705,20103.959,27531.861,26206.456,25132.114,23396.129
440,439,23896.765,20757.149,15930.193,14699.479,26267.267,23759.617,22823.398,20062.567,27500.276,26127.316,25078.684,23369.192
441,440,23884.443,20705.406,15992.121,14794.962,26336.477,23755.386,22796.245,20046.711,27501.317,26146.738,25086.126,23350.184
442,441,23811.828,20613.795,15938.983,14835.519,26344.089,23579.541,22604.146,19923.485,27504.985,26158.363,24997.296,23224.704
443,442,23671.406,20360.764,15642.999,14641.505,26293.988,23305.294,22370.958,19650.456,27405.682,26078.594,24789.966,22957.757
444,443,23633.453,20109.019,15577.044,14580.930,26329.743,23201.968,22252.612,19494.717,27393.352,25941.593,24611.665,22807.550
445,444,23602.016,19977.946,15666.822,14669.723,26302.022,23070.132,22110.609,19450.620,27366.423,25826.058,24493.353,22678.533
446,445,23476.019,19816.158,15635.989,14685.025,26230.173,22937.842,21881.672,19217.562,27300.639,25766.062,24349.781,22452.889
447,446,23357.187,19572.542,15517.721,14613.666,26167.118,22875.679,21666.209,18997.185,27266.053,25664.687,24204.561,22276.766
448,447,23297.719,19408.548,15494.764,14614.947,26161.738,22860.785,21532.378,18854.917,27319.743,25593.524,24093.008,22122.049
449,448,23276.237,19294.880,15564.767,14664.438,26196.085,22923.544,21467.405,18785.551,27378.590,25591.222,23985.086,22037.666
450,449,23268.995,19230.602,15718.971,14814.314,26260.556,23001.890,21403.419,18755.590,27442.384,25603.320,23880.690,21981.649
451,450,23207.789,19165.897,15795.689,14965.948,26291.294,22994.562,21267.255,18669.878,27432.975,25670.872,23785.886,21844.450
452,451,23118.286,19046.681,15874.597,15091.668,26326.099,23023.382,21149.559,18635.286,27368.880,25674.939,23673.796,21719.842
453,452,22957.898,18992.245,15933.576,15246.016,26341.353,23016.294,20920.361,18502.622,27332.675,25685.391,23578.677,21466.558
454,453,22593.846,18675.909,15698.586,15130.307,26205.794,22806.401,20594.069,18127.566,27204.626,25583.476,23257.584,20981.876
455,454,22307.154,18305.683,15519.006,14922.541,26078.109,22607.365,20336.464,17844.878,27045.957,25406.161,22930.062,20680.495
456,455,22136.584,18093.902,15424.503,14797.471,25980.186,22473.108,20185.345,17716.402,26943.391,25282.462,22730.792,20466.935
457,456,21955.676,17928.640,15429.159,14767.387,25876.920,22356.090,20055.554,17691.751,26795.987,25184.893,22598.913,20318.035
458,457,21599.241,17810.068,15194.819,14656.773,25630.882,22067.483,19700.231,17412.863,26535.750,25042.612,22399.053,19966.220
459,458,21303.864,17514.708,14963.896,14360.451,25410.918,21875.225,19414.331,17141.679,26288.003,24838.059,22045.315,19634.192
460,459,21066.760,17202.958,14846.911,14223.060,25273.624,21727.687,19125.740,16942.608,26109.785,24585.479,21742.339,19327.713
461,460,20895.400,16881.890,14767.153,14112.607,25168.707,21658.961,18938.387,16754.175,26009.020,24367.649,21431.375,19145.917
462,461,20894.932,16723.765,14832.040,14149.119,25178.465,21699.162,18885.263,16771.345,25997.691,24200.336,21282.804,19082.808
463,462,20978.485,16782.079,14999.721,14343.728,25211.447,21786.178,18962.624,16846.060,26064.999,24148.097,21242.210,19125.547
464,463,21187.287,16939.731,15317.748,14691.700,25319.199,21927.659,19052.663,17138.747,26201.822,24205.465,21361.298,19251.253
465,464,21204.893,17168.047,15457.549,14885.002,25363.094,22018.254,18950.357,17168.559,26223.148,24278.415,21351.845,19126.551
466,465,21064.230,17113.388,15423.431,14923.863,25304.689,21979.875,18777.516,17031.349,26127.678,24170.126,21099.057,18960.954
467,466,21031.021,17029.246,15551.345,15030.894,25326.559,22020.276,18785.525,17032.470,26148.566,23953.852,20848.910,18932.591
468,467,21122.014,17141.058,15836.393,15292.192,25423.285,22093.553,18869.492,17195.453,26236.201,23865.302,20760.902,18991.612
469,468,21132.524,17332.396,16061.534,15561.118,25443.346,22142.832,18920.215,17362.947,26226.978,23882.651,20767.829,19030.359
470,469,21100.598,17436.796,16177.881,15693.439,25379.222,22206.535,19004.479,17442.745,26215.598,23769.929,20700.422,19069.869
471,470,21143.741,17489.517,16375.517,15849.853,25339.192,22183.325,19051.372,17615.398,26230.805,23676.802,20704.139,19142.199
472,471,21019.510,17649.418,16341.126,15914.353,25183.032,21890.791,18868.566,17590.856,26137.152,23727.501,20696.044,18956.136
473,472,20772.129,17501.033,16187.444,15762.828,24908.058,21576.622,18646.713,17411.822,25941.676,23591.843,20374.215,18707.459
474,473,20546.085,17317.878,16082.709,15633.243,24671.949,21283.418,18426.920,17287.770,25740.212,23286.729,20038.619,18507.680
475,474,20455.964,17258.856,16112.788,15611.590,24601.408,21179.246,18443.512,17278.915,25632.854,23018.684,19814.468,18459.440
476,475,20504.359,17353.544,16268.631,15732.545,24643.458,21200.003,18599.423,17412.868,25678.931,22892.804,19831.294,18596.799
477,476,20584.277,17440.452,16472.644,15894.974,24680.960,21223.606,18719.051,17546.956,25720.167,22864.433,19947.373,18757.162
478,477,20611.084,17582.134,16579.250,16029.159,24630.860,21162.446,18753.589,17622.705,25674.969,22870.682,20019.955,18787.473
479,478,20511.840,17684.466,16644.543,16082.761,24509.667,21005.451,18705.284,17634.635,25560.057,22801.792,19934.403,18789.284
480,479,20414.414,17665.865,16631.426,16120.668,24407.721,20912.579,18780.857,17650.583,25450.112,22663.327,19830.830,18821.171
481,480,20615.741,17772.384,17012.786,16334.568,24535.818,21169.057,19160.691,17992.091,25508.445,22516.005,19947.209,19194.358
482,481,20881.859,18121.187,17437.423,16760.180,24718.018,21415.772,19482.241,18412.552,25681.400,22667.731,20283.668,19564.637
483,482,21061.669,18461.006,17793.026,17125.199,24849.403,21592.632,19803.653,18723.151,25807.542,22889.225,20528.788,19896.738
484,483,21568.757,18861.949,18474.517,17669.361,25193.401,22152.158,20569.308,19356.709,26173.410,23020.298,20876.497,20617.483
485,484,22176.749,19637.844,19328.769,18564.460,25619.104,22703.458,21222.306,20181.764,26624.229,23357.121,21559.635,21302.651
486,485,22593.043,20354.633,19907.073,19281.954,25956.322,23062.607,21633.978,20703.828,26948.470,23820.231,22070.096,21756.358
487,486,22889.771,20838.217,20296.612,19703.678,26191.050,23320.588,21900.521,21064.134,27157.163,24179.701,22491.570,22040.979
488,487,22996.881,21136.216,20443.998,19942.197,26253.978,23396.625,22002.834,21229.469,27168.553,24471.780,22707.531,22123.510
489,488,23077.812,21260.105,20566.101,20041.326,26227.036,23468.629,22173.474,21346.697,27117.193,24580.919,22800.397,22300.007
490,489,23250.719,21331.798,20794.360,20178.045,26197.596,23590.201,22433.996,21548.975,27106.434,24531.960,22912.037,22534.891
491,490,23527.582,21616.891,21135.571,20519.002,26233.688,23816.490,22729.537,21898.835,27218.310,24633.278,23172.268,22830.882
492,491,23902.042,22006.196,21596.157,20995.106,26472.922,24173.894,23087.982,22329.933,27465.287,24838.930,23516.109,23217.780
493,492,24114.873,22395.489,21894.344,21369.587,26624.788,24356.446,23281.070,22646.495,27603.476,25096.185,23821.801,23447.208
494,493,24145.336,22637.721,22017.699,21493.381,26603.404,24380.015,23358.593,22757.979,27573.525,25272.499,23924.367,23578.677
495,494,24281.372,22705.350,22165.664,21584.285,26624.673,24532.834,23553.115,22916.488,27540.699,25271.160,23965.902,23750.341
496,495,24657.121,22977.285,22552.670,21923.875,26900.745,24902.776,23955.495,23293.768,27734.509,25354.550,24252.687,24115.005
497,496,25079.352,23402.476,23016.428,22389.345,27218.567,25282.292,24362.440,23745.150,27944.461,25703.640,24662.313,24547.261
498,497,25348.368,23782.750,23338.005,22723.930,27356.994,25551.411,24693.896,24081.459,28018.442,26009.738,24980.705,24865.499
499,498,25654.428,24164.929,23722.966,23124.183,27619.397,25841.830,25036.150,24508.814,28169.263,26295.475,25318.519,25215.853
500,499,25818.217,24502.309,23982.056,23402.313,27679.583,25941.305,25222.016,24733.741,28279.969,26547.731,25581.307,25426.566
501,500,25913.975,24704.598,24152.951,23575.368,27702.461,26040.582,25363.812,24947.897,28281.472,26684.505,25711.515,25582.444
502,501,26165.445,24882.678,24457.076,23820.658,27940.281,26289.431,25694.761,25220.003,28440.001,26780.847,25887.981,25889.692
503,502,26550.165,25225.765,24914.423,24322.399,28285.406,26702.107,26172.972,25637.704,28709.237,26973.935,26198.046,26294.208
504,503,27000.735,25742.615,25496.367,24887.284,28642.098,27163.790,26725.045,26187.530,28997.275,27317.911,26668.062,26783.638
505,504,27541.813,26313.150,26193.544,25564.276,29003.166,27711.590,27381.400,26834.315,29336.692,27717.057,27196.129,27412.553
506,505,28178.291,26943.740,26972.443,26330.160,29506.517,28367.134,28118.491,27551.361,29795.579,28101.287,27810.752,28155.662
507,506,28967.257,27729.678,27848.631,27210.002,30188.149,29198.037,29060.158,28389.541,30377.367,28656.973,28544.410,29013.995
508,507,30018.102,28716.394,29015.877,28335.056,31073.128,30285.516,30234.487,29469.270,31217.483,29394.774,29527.075,30123.914
509,508,31299.820,29862.155,30353.812,29638.412,32194.203,31638.118,31686.640,30744.194,32246.113,30386.331,30656.202,31448.940
510,509,32666.789,31263.122,31847.868,31181.807,33443.148,32975.270,32967.388,32159.552,33414.656,31589.044,32070.491,32764.316
511,510,33488.054,32717.048,32920.065,32508.798,34268.727,33609.026,33397.736,33080.307,34243.107,32988.876,33251.174,33390.899
512,511,32940.638,33361.000,32752.764,32820.348,33777.194,32773.826,32200.589,32785.600,33883.814,33853.303,33468.318,32622.955
513,512,30308.468,32382.444,30585.122,31312.679,31200.769,29741.708,28835.839,30546.027,31528.132,33389.305,31904.452,29771.727
514,513,25779.069,29246.318,26347.466,27639.042,26509.829,24918.541,23908.559,26272.055,27084.667,30802.825,28165.044,25166.420
515,514,20687.077,24436.802,21318.681,22733.161,21206.189,19813.261,18950.383,21301.164,21867.129,26202.662,23203.593,20217.610
516,515,16313.681,19396.542,16722.687,17904.386,16535.057,15613.352,15054.447,16784.643,17162.131,21044.299,18345.127,16094.348
517,516,13543.041,15281.817,13592.454,14297.697,13476.897,13123.655,12888.650,13779.510,14026.334,16491.963,14712.676,13514.118
518,517,12266.141,12874.731,12050.649,12267.545,12149.062,12057.591,11924.587,12299.767,12554.154,13600.250,12794.125,12343.231
519,518,11788.472,11897.592,11421.043,11464.486,11744.913,11678.995,11597.354,11710.358,12077.383,12374.151,12069.287,11926.629
520,519,11602.740,11479.214,11111.717,11091.764,11562.952,11561.368,11496.170,11463.289,11891.776,11907.183,11763.302,11707.354
521,520,11647.718,11332.574,11055.471,10903.711,11654.187,11629.634,11561.370,11387.692,11909.407,11780.918,11711.660,11694.636
522,521,11839.719,11424.280,11193.108,10930.435,11916.464,11875.545,11755.909,11552.463,12108.305,11813.613,11845.064,11897.702
523,522,12110.790,11595.495,11396.474,11095.860,12182.341,12181.660,12013.815,11779.060,12352.463,12063.904,12078.344,12165.731
524,523,12442.202,11873.920,11685.173,11325.065,12528.360,12513.949,12364.765,12080.545,12697.269,12369.786,12398.644,12481.987
